{"2025-06":{"total":3,"attended":0,"rate":0},"2025-05":{"total":9,"attended":5,"rate":0.55555555555555558},"2025-04":{"total":10,"attended":4,"rate":0.4},"2025-03":{"total":11,"attended":4,"rate":0.36363636363636365},"2025-02":{"total":9,"attended":2,"rate":0.22222222222222221}}
