{"2025-05":{"total":6,"attended":5,"rate":0.83333333333333337},"2025-04":{"total":9,"attended":4,"rate":0.44444444444444442},"2025-03":{"total":7,"attended":4,"rate":0.5714285714285714},"2025-02":{"total":8,"attended":2,"rate":0.25}}
