{"2025-05":{"total":5,"attended":4,"rate":0.8},"2025-04":{"total":9,"attended":3,"rate":0.33333333333333331},"2025-03":{"total":7,"attended":4,"rate":0.5714285714285714},"2025-02":{"total":8,"attended":6,"rate":0.75},"2025-01":{"total":6,"attended":5,"rate":0.83333333333333337},"2024-12":{"total":8,"attended":4,"rate":0.5},"2024-11":{"total":7,"attended":4,"rate":0.5714285714285714},"2024-10":{"total":8,"attended":6,"rate":0.75},"2024-09":{"total":7,"attended":4,"rate":0.5714285714285714},"2024-08":{"total":10,"attended":5,"rate":0.5},"2024-07":{"total":9,"attended":7,"rate":0.77777777777777779},"2024-06":{"total":8,"attended":2,"rate":0.25},"2024-05":{"total":8,"attended":3,"rate":0.375},"2024-04":{"total":7,"attended":2,"rate":0.2857142857142857},"2024-03":{"total":9,"attended":1,"rate":0.1111111111111111}}
